{"is_source_file": true, "format": "JavaScript (React JSX)", "description": "This is a React component implementing a UI skeleton for a Tic Tac Toe game, containing UI structure, state management, and placeholders for game logic.", "external_files": ["./App.css"], "external_methods": ["React.useMemo", "React.useState"], "published": ["App"], "classes": [], "methods": [{"name": "App()", "description": "Main React functional component rendering the Tic Tac Toe interface with placeholder game logic and state management.", "scope": "", "scopeKind": ""}, {"name": "handleSquareClick", "description": "Handles clicks on game squares, toggling the square between 'X' and null as placeholder logic."}, {"name": "handleRestart", "description": "Resets the game board to its initial empty state."}], "calls": ["React.useMemo", "React.useState", "setSquares", "Array.prototype.some", "Array.prototype.fill", "Array.prototype.map", "Math.floor"], "search-terms": ["Tic Tac Toe React UI", "App.js game skeleton", "React functional component game board"], "state": 2, "file_id": 10, "knowledge_revision": 25, "git_revision": "2fe6e3d6c39e3b49735a794c81f60311ddf39fd6", "ctags": [{"_type": "tag", "name": "App", "path": "/home/kavia/workspace/code-generation/two-player-tic-tac-toe-318269-318284/frontend_react/src/App.js", "pattern": "/^function App() {$/", "language": "JavaScript", "kind": "function", "signature": "()"}], "hash": "045495af625ec8dce5321159c401746a", "format-version": 4, "code-base-name": "frontend_react", "filename": "frontend_react/src/App.js", "revision_history": [{"25": "2fe6e3d6c39e3b49735a794c81f60311ddf39fd6"}]}