{"is_source_file": true, "format": "JavaScript (React JSX)", "description": "This file is the entry point for a React application, initializing the root React component and rendering it into the DOM.", "external_files": ["react", "react-dom/client", "./index.css", "./App"], "external_methods": ["ReactDOM.createRoot", "root.render"], "published": [], "classes": [], "methods": [{"name": "ReactDOM.createRoot", "description": "Creates a root for rendering React components into the DOM."}, {"name": "root.render", "description": "Renders React elements into the specified DOM node."}], "calls": ["ReactDOM.createRoot", "root.render", "<React.StrictMode>", "<App />"], "search-terms": ["entry point", "ReactDOM", "index.js", "createRoot", "render", "React.StrictMode"], "state": 2, "file_id": 9, "knowledge_revision": 24, "git_revision": "2fe6e3d6c39e3b49735a794c81f60311ddf39fd6", "ctags": [{"_type": "tag", "name": "root", "path": "/home/kavia/workspace/code-generation/two-player-tic-tac-toe-318269-318284/frontend_react/src/index.js", "pattern": "/^const root = ReactDOM.createRoot(document.getElementById('root'));$/", "language": "JavaScript", "kind": "constant"}], "hash": "9fc5841375336fc175b49f8767a11383", "format-version": 4, "code-base-name": "frontend_react", "filename": "frontend_react/src/index.js", "revision_history": [{"24": "2fe6e3d6c39e3b49735a794c81f60311ddf39fd6"}]}