{"is_source_file": true, "format": "JavaScript (React JSX)", "description": "React component implementing the user interface and game state management for a Tic Tac Toe game, utilizing external utility functions for game logic.", "external_files": ["./gameLogic", "./App.css"], "external_methods": ["calculateIsDraw", "calculateWinner"], "published": ["App"], "classes": [], "methods": [{"name": "App()", "description": "React functional component managing the Tic Tac Toe game's UI, state, and interactions.", "scope": "", "scopeKind": ""}, {"name": "handleSquareClick", "description": "Handles user clicks on game squares, updates game state accordingly."}, {"name": "handleRestart", "description": "Resets the game to the initial state."}], "calls": ["calculateWinner", "calculateIsDraw", "setSquares", "setCurrentPlayer"], "search-terms": ["React", "useState", "useMemo", "calculateWinner", "calculateIsDraw", "Tic Tac Toe", "gameUI", "gameState"], "state": 2, "file_id": 10, "knowledge_revision": 29, "git_revision": "682341cce5958eeb22d1a4e5605c79a806e69740", "revision_history": [{"25": "2fe6e3d6c39e3b49735a794c81f60311ddf39fd6"}, {"27": "261091a0e6868345e73db639022ae4e153eb8d2e"}, {"29": "682341cce5958eeb22d1a4e5605c79a806e69740"}], "ctags": [{"_type": "tag", "name": "App", "path": "/home/kavia/workspace/code-generation/two-player-tic-tac-toe-318269-318284/frontend_react/src/App.js", "pattern": "/^function App() {$/", "language": "JavaScript", "kind": "function", "signature": "()"}, {"_type": "tag", "name": "handleRestart", "path": "/home/kavia/workspace/code-generation/two-player-tic-tac-toe-318269-318284/frontend_react/src/App.js", "pattern": "/^            onClick={handleRestart}$/", "language": "JavaScript", "kind": "field", "scope": "App.onClick", "scopeKind": "class"}], "hash": "c139a386a265e151e416b60f3cd68489", "format-version": 4, "code-base-name": "frontend_react", "filename": "frontend_react/src/App.js", "fields": [{"name": "onClick={handleRestart}", "scope": "App.onClick", "scopeKind": "class", "description": "unavailable"}]}