{"is_source_file": false, "format": "", "description": "", "external_files": [], "external_methods": [], "published": [], "classes": [], "methods": [], "calls": [], "search-terms": [], "state": 2, "file_id": 11, "knowledge_revision": 26, "git_revision": "2fe6e3d6c39e3b49735a794c81f60311ddf39fd6", "hash": "5e1242380ff76f28a6719f49947013a3", "format-version": 4, "code-base-name": "frontend_react", "filename": "frontend_react/src/App.css", "revision_history": [{"26": "2fe6e3d6c39e3b49735a794c81f60311ddf39fd6"}]}