{"is_source_file": false, "format": "", "description": "", "external_files": [], "external_methods": [], "published": [], "classes": [], "methods": [], "calls": [], "search-terms": [], "state": 2, "file_id": 11, "knowledge_revision": 31, "git_revision": "261091a0e6868345e73db639022ae4e153eb8d2e", "hash": "7dc34fbcf8dc3dfda4a0bc4445023104", "format-version": 4, "code-base-name": "frontend_react", "filename": "frontend_react/src/App.css", "revision_history": [{"31": "261091a0e6868345e73db639022ae4e153eb8d2e"}]}