{"is_source_file": true, "format": "JavaScript", "description": "This file contains pure, framework-agnostic game logic utilities for Tic Tac Toe, including functions to determine the winner and check for a draw based on the board state.", "external_files": [], "external_methods": [], "published": ["calculateWinner", "calculateIsDraw"], "classes": [], "methods": [{"name": "calculateWinner(squares)", "description": "Determines the winner ('X' or 'O') in the given Tic Tac Toe board or null if there is no winner.", "scope": "", "scopeKind": ""}, {"name": "calculateIsDraw(squares)", "description": "Checks if the game is a draw\u2014i.e., the board is full with no winner.", "scope": "", "scopeKind": ""}], "calls": ["calculateWinner(squares)"], "search-terms": ["tic tac toe", "game logic", "calculateWinner", "calculateIsDraw", "framework-agnostic"], "state": 2, "file_id": 13, "knowledge_revision": 30, "git_revision": "5bb6c2c5963635bb9230a2afbb1217c9506ebb28", "ctags": [{"_type": "tag", "name": "WIN_LINES", "path": "/home/kavia/workspace/code-generation/two-player-tic-tac-toe-318269-318284/frontend_react/src/gameLogic.js", "pattern": "/^const WIN_LINES = [$/", "language": "JavaScript", "kind": "constant"}, {"_type": "tag", "name": "calculateIsDraw", "path": "/home/kavia/workspace/code-generation/two-player-tic-tac-toe-318269-318284/frontend_react/src/gameLogic.js", "pattern": "/^export function calculateIsDraw(squares) {$/", "language": "JavaScript", "kind": "function", "signature": "(squares)"}, {"_type": "tag", "name": "calculateWinner", "path": "/home/kavia/workspace/code-generation/two-player-tic-tac-toe-318269-318284/frontend_react/src/gameLogic.js", "pattern": "/^export function calculateWinner(squares) {$/", "language": "JavaScript", "kind": "function", "signature": "(squares)"}], "hash": "9a36981fefa52e012ad7c4f13460a052", "format-version": 4, "code-base-name": "frontend_react", "filename": "frontend_react/src/gameLogic.js", "revision_history": [{"30": "5bb6c2c5963635bb9230a2afbb1217c9506ebb28"}]}