{"is_source_file": true, "file_id": 13, "git_revision": "", "state": 1, "description": "", "external_files": [], "external_methods": [], "published": [], "classes": [], "methods": [], "calls": [], "search-terms": [], "ctags": [{"_type": "tag", "name": "WIN_LINES", "path": "/home/kavia/workspace/code-generation/two-player-tic-tac-toe-318269-318284/frontend_react/src/gameLogic.js", "pattern": "/^const WIN_LINES = [$/", "language": "JavaScript", "kind": "constant"}, {"_type": "tag", "name": "calculateIsDraw", "path": "/home/kavia/workspace/code-generation/two-player-tic-tac-toe-318269-318284/frontend_react/src/gameLogic.js", "pattern": "/^export function calculateIsDraw(squares) {$/", "language": "JavaScript", "kind": "function", "signature": "(squares)"}, {"_type": "tag", "name": "calculateWinner", "path": "/home/kavia/workspace/code-generation/two-player-tic-tac-toe-318269-318284/frontend_react/src/gameLogic.js", "pattern": "/^export function calculateWinner(squares) {$/", "language": "JavaScript", "kind": "function", "signature": "(squares)"}], "format": "JavaScript", "hash": "9a36981fefa52e012ad7c4f13460a052", "format-version": 4, "code-base-name": "frontend_react", "filename": "frontend_react/src/gameLogic.js", "knowledge_revision": 28}