{"is_source_file": true, "format": "JavaScript (React JSX)", "description": "This file defines the main React component for a Tic Tac Toe game UI, including game state management, user interactions, and rendering of game board and controls.", "external_files": ["./App.css"], "external_methods": [], "published": ["App"], "classes": [], "methods": [{"name": "App()", "description": "Main React functional component managing the Tic Tac Toe game's UI and state.", "scope": "", "scopeKind": ""}, {"name": "handleSquareClick", "description": "Handles user clicks on a game board square, updates game state, and switches turns."}, {"name": "handleRestart", "description": "Resets the game to initial state for a new round."}], "calls": ["useState", "useMemo", "setSquares", "setCurrentPlayer"], "search-terms": ["React TicTacToe UI", "useState game state", "Tic Tac Toe React component", "Game restart button", "game board rendering"], "state": 3, "file_id": 10, "knowledge_revision": 27, "git_revision": "261091a0e6868345e73db639022ae4e153eb8d2e", "revision_history": [{"25": "2fe6e3d6c39e3b49735a794c81f60311ddf39fd6"}, {"27": "261091a0e6868345e73db639022ae4e153eb8d2e"}], "ctags": [{"_type": "tag", "name": "App", "path": "/home/kavia/workspace/code-generation/two-player-tic-tac-toe-318269-318284/frontend_react/src/App.js", "pattern": "/^function App() {$/", "language": "JavaScript", "kind": "function", "signature": "()"}, {"_type": "tag", "name": "handleRestart", "path": "/home/kavia/workspace/code-generation/two-player-tic-tac-toe-318269-318284/frontend_react/src/App.js", "pattern": "/^            onClick={handleRestart}$/", "language": "JavaScript", "kind": "field", "scope": "App.onClick", "scopeKind": "class"}], "hash": "2ee0c74541bd287ca2f40173698407c3", "format-version": 4, "code-base-name": "frontend_react", "filename": "frontend_react/src/App.js", "fields": [{"name": "onClick={handleRestart}", "scope": "App.onClick", "scopeKind": "class", "description": "unavailable"}]}